date,ticker,sector,duration,days,recent_close,period_high_value,period_low_value,off_high_pct,off_low_pct,at_high,at_low,off_high_decile,off_low_decile
2026-08-04,XLB,Basic Materials,12w,60,52.0,53.310001373291016,48.88999938964844,-2.457327592468128,6.361220391035727,False,False,10,2
2026-08-04,XLB,Basic Materials,26w,130,52.0,54.13999938964844,46.72999954223633,-3.952714100062593,11.277552983925121,False,False,10,3
2026-08-04,XLB,Basic Materials,4w,20,52.0,52.779998779296875,49.849998474121094,-1.4778302336809324,4.312942009406573,False,False,10,1
2026-08-04,XLB,Basic Materials,52w,252,52.0,54.13999938964844,42.03499984741211,-3.952714100062593,23.70643556265264,False,False,10,2
2026-08-04,XBI,Biotech,12w,60,151.8800048828125,165.7100067138672,125.06999969482422,-8.345906264390578,21.436000042700698,False,False,4,2
2026-08-04,XBI,Biotech,26w,130,151.8800048828125,165.7100067138672,118.19000244140625,-8.345906264390578,28.50495113417768,False,False,6,3
2026-08-04,XBI,Biotech,4w,20,151.8800048828125,165.7100067138672,143.77999877929688,-8.345906264390578,5.633611192297461,False,False,2,5
2026-08-04,XBI,Biotech,52w,252,151.8800048828125,165.7100067138672,84.5199966430664,-8.345906264390578,79.69712602357512,False,False,6,1
2026-08-04,IBIT,Bitcoin,12w,60,36.38999938964844,46.560001373291016,32.84000015258789,-21.842787121300567,10.80998544630274,False,False,2,7
2026-08-04,IBIT,Bitcoin,26w,130,36.38999938964844,51.310001373291016,32.84000015258789,-29.07815549466942,10.80998544630274,False,False,2,8
2026-08-04,IBIT,Bitcoin,4w,20,36.38999938964844,37.93000030517578,34.810001373291016,-4.060113111354768,4.538919718543077,False,False,7,8
2026-08-04,IBIT,Bitcoin,52w,252,36.38999938964844,71.81999969482422,32.84000015258789,-49.33166312409366,10.80998544630274,False,False,1,9
2026-08-04,XLC,Communication Services,12w,60,112.04000091552734,117.97000122070312,105.02999877929688,-5.026701910498154,6.674285649532208,False,False,7,4
2026-08-04,XLC,Communication Services,26w,130,112.04000091552734,120.40499877929688,105.02999877929688,-6.9473842021315235,6.674285649532208,False,False,6,7
2026-08-04,XLC,Communication Services,4w,20,112.04000091552734,114.02999877929688,105.25499725341797,-1.7451529291174883,6.446253231828414,False,False,10,1
2026-08-04,XLC,Communication Services,52w,252,112.04000091552734,120.40499877929688,105.02999877929688,-6.9473842021315235,6.674285649532208,False,False,6,8
2026-08-04,XLY,Consumer Cyclical,12w,60,118.29000091552734,122.19000244140625,108.29000091552734,-3.1917517374214555,9.234462937903753,False,False,9,3
2026-08-04,XLY,Consumer Cyclical,26w,130,118.29000091552734,123.69000244140625,105.19000244140625,-4.365754239868302,12.453653550790778,False,False,9,4
2026-08-04,XLY,Consumer Cyclical,4w,20,118.29000091552734,119.12000274658203,108.29000091552734,-0.6967778810586855,9.234462937903753,True,False,10,1
2026-08-04,XLY,Consumer Cyclical,52w,252,118.29000091552734,125.01000213623047,105.19000244140625,-5.37557083902771,12.453653550790778,False,False,8,7
2026-08-04,XLP,Consumer Defensive,12w,60,85.37000274658203,88.77999877929688,81.4800033569336,-3.8409507542255583,4.774176766546989,False,False,10,1
2026-08-04,XLP,Consumer Defensive,26w,130,85.37000274658203,90.13999938964844,80.45999908447266,-5.2917646720266,6.1024157568713155,False,False,10,1
2026-08-04,XLP,Consumer Defensive,4w,20,85.37000274658203,88.77999877929688,82.80999755859375,-3.8409507542255583,3.091420436496084,False,False,9,1
2026-08-04,XLP,Consumer Defensive,52w,252,85.37000274658203,90.13999938964844,75.16000366210938,-5.2917646720266,13.584351499466262,False,False,10,1
2026-08-04,DIA,DJ Industrial Average,12w,60,540.4299926757812,542.0800170898438,492.489990234375,-0.3043876110616739,9.734208489921127,True,False,10,1
2026-08-04,DIA,DJ Industrial Average,26w,130,540.4299926757812,542.0800170898438,450.44000244140625,-0.3043876110616739,19.978241218947023,True,False,10,1
2026-08-04,DIA,DJ Industrial Average,4w,20,540.4299926757812,542.0800170898438,514.719970703125,-0.3043876110616739,4.994953263137525,True,False,10,1
2026-08-04,DIA,DJ Industrial Average,52w,252,540.4299926757812,542.0800170898438,437.5899963378906,-0.3043876110616739,23.501450489851106,True,False,10,2
2026-08-04,XLE,Energy,12w,60,58.52000045776367,61.70000076293945,52.619998931884766,-5.153971257462075,11.212469870089325,False,False,10,1
2026-08-04,XLE,Energy,26w,130,58.52000045776367,63.459999084472656,49.560001373291016,-7.784429086003087,18.07909369692109,False,False,9,2
2026-08-04,XLE,Energy,4w,20,58.52000045776367,60.45000076293945,54.36000061035156,-3.1927217217820436,7.6526854317583215,False,False,10,1
2026-08-04,XLE,Energy,52w,252,58.52000045776367,63.459999084472656,42.04999923706055,-7.784429086003087,39.16766116415853,False,False,10,2
2026-08-04,XLF,Financials,12w,60,57.880001068115234,58.01499938964844,50.52000045776367,-0.23269554934666203,14.568488803765467,True,False,10,1
2026-08-04,XLF,Financials,26w,130,57.880001068115234,58.01499938964844,47.66999816894531,-0.23269554934666203,21.418089556003462,True,False,10,1
2026-08-04,XLF,Financials,4w,20,57.880001068115234,58.01499938964844,54.95000076293945,-0.23269554934666203,5.332120590527634,True,False,10,1
2026-08-04,XLF,Financials,52w,252,57.880001068115234,58.01499938964844,47.66999816894531,-0.23269554934666203,21.418089556003462,True,False,10,4
2026-08-04,GLD,Gold,12w,60,374.1600036621094,436.20001220703125,363.32000732421875,-14.222835123506638,2.9835946601799,False,False,1,7
2026-08-04,GLD,Gold,26w,130,374.1600036621094,509.70001220703125,363.32000732421875,-26.592114047246262,2.9835946601799,False,False,1,9
2026-08-04,GLD,Gold,4w,20,374.1600036621094,382.2200012207031,363.6000061035156,-2.108732544830827,2.904289708836627,False,False,5,5
2026-08-04,GLD,Gold,52w,252,374.1600036621094,509.70001220703125,305.19000244140625,-26.592114047246262,22.599036884881162,False,False,1,4
2026-08-04,XLV,Healthcare,12w,60,162.10000610351562,168.52999877929688,142.6699981689453,-3.8153401307513324,13.618846417564189,False,False,9,1
2026-08-04,XLV,Healthcare,26w,130,162.10000610351562,168.52999877929688,141.97000122070312,-3.8153401307513324,14.179055229786798,False,False,10,1
2026-08-04,XLV,Healthcare,4w,20,162.10000610351562,168.52999877929688,157.22999572753906,-3.8153401307513324,3.0973799582210138,False,False,9,1
2026-08-04,XLV,Healthcare,52w,252,162.10000610351562,168.52999877929688,127.95999908447266,-3.8153401307513324,26.680218242659937,False,False,10,1
2026-08-04,XLI,Industrials,12w,60,186.39999389648438,186.86000061035156,168.11000061035156,-0.2461771980973193,10.879777062475714,True,False,10,1
2026-08-04,XLI,Industrials,26w,130,186.39999389648438,186.86000061035156,156.0800018310547,-0.2461771980973193,19.425930106182896,True,False,10,2
2026-08-04,XLI,Industrials,4w,20,186.39999389648438,186.86000061035156,175.9600067138672,-0.2461771980973193,5.933159118136366,True,False,10,1
2026-08-04,XLI,Industrials,52w,252,186.39999389648438,186.86000061035156,147.13999938964844,-0.2461771980973193,26.682067873923042,True,False,10,3
2026-08-04,TLT,Long-Term Treasuries,12w,60,82.81999969482422,87.79000091552734,81.88999938964844,-5.661238374385391,1.1356701820824933,False,False,10,1
2026-08-04,TLT,Long-Term Treasuries,26w,130,82.81999969482422,90.86000061035156,81.88999938964844,-8.84877928848633,1.1356701820824933,False,False,9,1
2026-08-04,TLT,Long-Term Treasuries,4w,20,82.81999969482422,84.81999969482422,81.88999938964844,-2.3579344579059747,1.1356701820824933,False,False,10,1
2026-08-04,TLT,Long-Term Treasuries,52w,252,82.81999969482422,92.19000244140625,81.88999938964844,-10.163794878449405,1.1356701820824933,False,False,9,2
2026-08-04,QQQ,Nasdaq 100,12w,60,723.8499755859375,748.6500244140625,661.1400146484375,-3.312635813714826,9.485125623631507,False,False,8,4
2026-08-04,QQQ,Nasdaq 100,26w,130,723.8499755859375,748.6500244140625,555.5999755859375,-3.312635813714826,30.282578724479436,False,False,8,1
2026-08-04,QQQ,Nasdaq 100,4w,20,723.8499755859375,726.3900146484375,661.1400146484375,-0.34967978789319787,9.485125623631507,False,False,10,1
2026-08-04,QQQ,Nasdaq 100,52w,252,723.8499755859375,748.6500244140625,555.5999755859375,-3.312635813714826,30.282578724479436,False,False,8,5
2026-08-04,XLRE,Real Estate,12w,60,45.16999816894531,46.45500183105469,43.07500076293945,-2.7661255224628256,4.863603874403966,False,False,10,1
2026-08-04,XLRE,Real Estate,26w,130,45.16999816894531,46.45500183105469,39.939998626708984,-2.7661255224628256,13.094641267060236,False,False,10,1
2026-08-04,XLRE,Real Estate,4w,20,45.16999816894531,46.45500183105469,44.04999923706055,-2.7661255224628256,2.542562885999966,False,False,10,1
2026-08-04,XLRE,Real Estate,52w,252,45.16999816894531,46.45500183105469,39.724998474121094,-2.7661255224628256,13.706733553108563,False,False,10,2
2026-08-04,IWM,Russell 2000,12w,60,301.7099914550781,302.7200012207031,270.6300048828125,-0.3336448736628528,11.484309208701294,True,False,10,2
2026-08-04,IWM,Russell 2000,26w,130,301.7099914550781,302.7200012207031,238.69000244140625,-0.3336448736628528,26.402441815359268,True,False,10,1
2026-08-04,IWM,Russell 2000,4w,20,301.7099914550781,302.3900146484375,287.8299865722656,-0.2248828203371689,4.822292857011834,True,False,10,2
2026-08-04,IWM,Russell 2000,52w,252,301.7099914550781,302.7200012207031,216.0800018310547,-0.3336448736628528,39.62883603220926,True,False,10,2
2026-08-04,SPY,S&P 500,12w,60,771.3300170898438,773.4099731445312,716.5800170898438,-0.2689331825177832,7.640458663967387,True,False,10,2
2026-08-04,SPY,S&P 500,26w,130,771.3300170898438,773.4099731445312,629.280029296875,-0.2689331825177832,22.573414247976075,True,False,10,1
2026-08-04,SPY,S&P 500,4w,20,771.3300170898438,773.4099731445312,729.0999755859375,-0.2689331825177832,5.792078304483317,True,False,10,1
2026-08-04,SPY,S&P 500,52w,252,771.3300170898438,773.4099731445312,625.5800170898438,-0.2689331825177832,23.29837846771692,True,False,10,4
2026-08-04,SMH,Semiconductors,12w,60,575.7100219726562,671.8300170898438,503.6300048828125,-14.307189716462664,14.312097450710027,False,False,2,4
2026-08-04,SMH,Semiconductors,26w,130,575.7100219726562,671.8300170898438,359.8599853515625,-14.307189716462664,59.98167215235688,False,False,2,1
2026-08-04,SMH,Semiconductors,4w,20,575.7100219726562,618.1699829101562,503.6300048828125,-6.86865459523146,14.312097450710027,False,False,5,1
2026-08-04,SMH,Semiconductors,52w,252,575.7100219726562,671.8300170898438,281.1499938964844,-14.307189716462664,104.76970815251909,False,False,3,1
2026-08-04,IGV,Software,12w,60,102.0,108.05999755859375,84.29000091552734,-5.607993425418889,21.010794746841952,False,False,4,1
2026-08-04,IGV,Software,26w,130,102.0,108.05999755859375,73.93000030517578,-5.607993425418889,37.968347868191564,False,False,4,1
2026-08-04,IGV,Software,4w,20,102.0,102.37999725341797,86.77999877929688,-0.37116357063126104,17.538605018203988,True,False,9,1
2026-08-04,IGV,Software,52w,252,102.0,117.98999786376953,73.93000030517578,-13.551994366701726,37.968347868191564,False,False,2,4
2026-08-04,XLK,Technology,12w,60,186.89999389648438,198.72999572753906,166.4600067138672,-5.952801331145674,12.279218045300254,False,False,7,3
2026-08-04,XLK,Technology,26w,130,186.89999389648438,198.72999572753906,126.68000030517578,-5.952801331145674,47.53709618427288,False,False,7,1
2026-08-04,XLK,Technology,4w,20,186.89999389648438,187.7050018310547,166.4600067138672,-0.42886866450946304,12.279218045300254,True,False,10,1
2026-08-04,XLK,Technology,52w,252,186.89999389648438,198.72999572753906,126.68000030517578,-5.952801331145674,47.53709618427288,False,False,7,2
2026-08-04,XLU,Utilities,12w,60,44.11000061035156,46.630001068115234,43.06999969482422,-5.404247051340527,2.4146759296409304,False,False,9,2
2026-08-04,XLU,Utilities,26w,130,44.11000061035156,47.79999923706055,42.54999923706055,-7.719662522186899,3.666278263836653,False,False,9,3
2026-08-04,XLU,Utilities,4w,20,44.11000061035156,46.630001068115234,43.584999084472656,-5.404247051340527,1.2045463735387285,False,True,9,1
2026-08-04,XLU,Utilities,52w,252,44.11000061035156,47.79999923706055,41.150001525878906,-7.719662522186899,7.193193134175546,False,False,9,3
